"store_type","total_sales","sales_percentage","order_count"
"Local",4191902.0199996666,65.00963681833683,"77714"
"Super Store",1043067.7200000129,16.1762973778039,"19107"
"Mall Kiosk",704362.4400000102,10.923524976111407,"13041"
"Outlet",507724.0900000013,7.873981437863681,"9145"
"Web Portal",1067.77,0.01655938988419415,"43"
